{
  "rows": 499437,
  "train_rows": 404323,
  "val_rows": 52644,
  "test_rows": 48732,
  "val_auc": 0.8280042621681,
  "test_auc": 0.8499505781193846
}