{
  "method": "precision_target",
  "target_precision": 0.99,
  "chosen_threshold": 0.08631472714005983,
  "val_precision_at_threshold": 0.9900346940281981,
  "val_recall_at_threshold": 0.9950293048445731
}