{"best_f1_thresh": 0.0109163160424719, "best_f1": 0.9937106918233992, "prec_target_thresh": 0.0092561607301855, "rec_at_prec": 0.990948883448327}